,time_id,seconds_in_bucket,bid_price1,ask_price1,bid_price2,ask_price2,bid_size1,ask_size1,bid_size2,ask_size2,stock_id
0,5,0,1.0014222,1.0023013,1.0013704,1.0023531,3,226,2,100,0
1,5,1,1.0014222,1.0023013,1.0013704,1.0023531,3,100,2,100,0
2,5,5,1.0014222,1.0023013,1.0013704,1.0024048,3,100,2,100,0
3,5,6,1.0014222,1.0023013,1.0013704,1.0024048,3,126,2,100,0
4,5,7,1.0014222,1.0023013,1.0013704,1.0024048,3,126,2,100,0
5,5,11,1.0014222,1.0023013,1.0013704,1.0024048,3,100,2,100,0
6,5,12,1.0014222,1.0023013,1.0013704,1.0024048,3,126,2,100,0
7,5,14,1.0014222,1.0023013,1.0013704,1.0024048,3,126,2,100,0
8,5,15,1.0014222,1.0023013,1.0013704,1.0024048,3,126,2,100,0
9,5,16,1.0014222,1.0023013,1.0013704,1.0024048,3,126,2,100,0
10,5,17,1.0014222,1.0023013,1.0013704,1.0024048,3,100,2,100,0
11,5,18,1.0014222,1.0023013,1.0013704,1.0024048,3,126,2,100,0
12,5,19,1.0014222,1.0023013,1.0013704,1.0024048,3,126,2,100,0
13,5,21,1.0014222,1.0028185,1.0013704,1.0029219,3,30,2,100,0
14,5,24,1.0014739,1.0028185,1.0014222,1.0029219,155,30,3,100,0
15,5,25,1.0017325,1.0028185,1.0014222,1.0029219,83,30,3,100,0
16,5,44,1.0017325,1.0028185,1.0014222,1.0029219,83,28,3,100,0
17,5,46,1.0028185,1.0032322,1.0023013,1.0038011,155,1,200,34,0
18,5,47,1.0028185,1.0032322,1.0023013,1.0038011,55,1,100,34,0
19,5,48,1.0028185,1.0032322,1.0023531,1.0037494,55,101,103,100,0
20,5,50,1.0023531,1.0030254,1.0023013,1.0032322,3,20,100,301,0
21,5,51,1.0023531,1.0030254,1.0023013,1.0032322,3,20,100,329,0
22,5,55,1.0023531,1.0030254,1.0023013,1.0031805,3,20,100,100,0
23,5,57,1.0025082,1.0036459,1.0024565,1.0037494,200,104,28,200,0
24,5,59,1.0025082,1.0036459,1.0024565,1.0037494,200,4,28,200,0
25,5,60,1.0027668,1.0036459,1.0027151,1.0037494,100,4,100,200,0
26,5,63,1.0028185,1.0036459,1.0027668,1.0037494,11,4,14,200,0
27,5,68,1.0028702,1.0037494,1.0028185,1.0038011,100,100,11,34,0
28,5,69,1.0028185,1.0037494,1.0027668,1.0038011,11,100,114,34,0
29,5,78,1.003284,1.0041631,1.0031805,1.0043182,19,9,28,20,0
30,5,79,1.003284,1.0041631,1.0031805,1.0043182,119,9,28,20,0
31,5,81,1.003284,1.0041631,1.0031805,1.0043182,124,9,28,20,0
32,5,83,1.003284,1.0041631,1.0031805,1.0043182,119,9,28,20,0
33,5,85,1.003284,1.0041631,1.0031805,1.0043182,122,9,28,20,0
34,5,90,1.003284,1.0041631,1.0031805,1.0043182,322,9,28,20,0
35,5,92,1.003284,1.0041631,1.0027668,1.0043182,222,9,214,20,0
36,5,93,1.003284,1.0041631,1.0032322,1.0043182,124,9,100,20,0
37,5,94,1.003284,1.0041631,1.0032322,1.0042149,124,9,100,2,0
38,5,97,1.003284,1.0041631,1.0031805,1.0043182,222,9,27,22,0
39,5,98,1.003284,1.0041631,1.0031805,1.0043182,219,9,27,22,0
40,5,101,1.003284,1.0041631,1.0032322,1.0042149,119,9,100,2,0
41,5,103,1.003284,1.0041631,1.0032322,1.0042149,119,9,100,102,0
42,5,105,1.003284,1.0041631,1.0032322,1.0042149,119,9,227,102,0
43,5,106,1.003284,1.0041631,1.0032322,1.0042149,119,9,127,102,0
44,5,110,1.003284,1.0041631,1.0032322,1.0042149,119,7,127,102,0
45,5,111,1.003284,1.0041631,1.0032322,1.0042149,119,6,127,102,0
46,5,113,1.003284,1.0042149,1.0032322,1.0043182,142,102,127,20,0
47,5,114,1.0033357,1.0042149,1.003284,1.0043182,300,102,119,20,0
48,5,115,1.0033873,1.0042149,1.0033357,1.0043182,240,102,400,20,0
49,5,118,1.0033357,1.0042149,1.003284,1.0043182,200,102,19,20,0
50,5,119,1.0033873,1.0042149,1.0033357,1.0043182,100,102,100,20,0
51,5,122,1.0039562,1.0045768,1.0036976,1.0051457,30,101,200,3,0
52,5,123,1.0039562,1.0045768,1.0035943,1.0051457,30,102,200,3,0
53,5,124,1.0039562,1.0045768,1.0036459,1.0051457,30,102,100,3,0
54,5,126,1.0039562,1.0045768,1.0036459,1.0051457,30,2,100,3,0
55,5,127,1.0039562,1.0049388,1.0036459,1.0051457,30,100,200,3,0
56,5,128,1.0039562,1.0049388,1.0034391,1.0051457,300,11,2,3,0
57,5,129,1.0039562,1.0049388,1.0034391,1.0050423,500,10,2,46,0
58,5,132,1.0042149,1.0049388,1.0039562,1.0050423,100,10,400,46,0
59,5,133,1.0042665,1.0049388,1.0042149,1.0050423,32,30,100,46,0
60,5,134,1.0042665,1.0049388,1.0039562,1.0050423,32,30,400,46,0
61,5,138,1.0042665,1.0049388,1.0039562,1.0050423,32,30,400,47,0
62,5,140,1.0040079,1.0046285,1.0039562,1.0048871,32,28,200,7,0
63,5,141,1.0040079,1.0046285,1.0039562,1.0048354,32,28,200,100,0
64,5,143,1.0040079,1.0047837,1.0039562,1.0048354,32,5,200,94,0
65,5,144,1.0040079,1.0045768,1.0039562,1.0047837,32,100,200,5,0
66,5,145,1.0040079,1.0045768,1.0039562,1.0047837,32,101,200,5,0
67,5,147,1.0034908,1.0042665,1.0034391,1.0045768,200,100,2,1,0
68,5,148,1.0034391,1.0042665,1.0033873,1.0044734,2,165,100,26,0
69,5,149,1.0034391,1.0042149,1.0033873,1.0042665,2,100,100,166,0
70,5,150,1.0034391,1.0042149,1.0033357,1.0042665,2,100,200,165,0
71,5,151,1.0034391,1.0042665,1.0033357,1.0044734,2,65,200,26,0
72,5,152,1.0034391,1.0042149,1.0033357,1.0042665,2,1,200,165,0
73,5,153,1.0034391,1.0042149,1.0033357,1.0042665,2,65,200,100,0
74,5,154,1.0034391,1.0042149,1.0033357,1.0042665,2,66,200,100,0
75,5,158,1.0034391,1.0042149,1.0033357,1.0042665,2,1,200,165,0
76,5,159,1.0034391,1.0042149,1.0033357,1.0042665,2,61,200,165,0
77,5,160,1.0034391,1.0042149,1.0033357,1.0042665,2,1,200,165,0
78,5,161,1.0034391,1.0042665,1.0033357,1.0046285,2,165,200,100,0
79,5,164,1.0034391,1.0042665,1.0033357,1.0044734,2,166,200,26,0
80,5,165,1.0034391,1.0042665,1.0033357,1.0044734,2,165,200,26,0
81,5,166,1.0034391,1.0042665,1.0033357,1.0044734,2,166,200,26,0
82,5,167,1.0034391,1.0042665,1.0033357,1.0044734,2,165,200,26,0
83,5,168,1.0034391,1.0042665,1.0033357,1.0045251,2,165,200,26,0
84,5,169,1.0034391,1.0042149,1.0033873,1.0042665,2,60,100,165,0
85,5,171,1.0034391,1.0042149,1.0033873,1.0042665,2,61,100,165,0
86,5,173,1.0034391,1.0042149,1.0033873,1.0042665,2,1,100,165,0
87,5,174,1.0034391,1.0042149,1.0033873,1.0042665,2,60,100,165,0
88,5,175,1.0034391,1.0042149,1.0033873,1.0042665,2,61,100,165,0
89,5,177,1.0034908,1.0042149,1.0034391,1.0042665,100,61,34,165,0
90,5,178,1.0035425,1.0042665,1.0034908,1.0045251,100,165,100,26,0
91,5,181,1.0034908,1.0042665,1.0034391,1.0045251,100,166,34,26,0
92,5,182,1.0034908,1.0042665,1.0034391,1.0045251,100,165,34,26,0
93,5,183,1.0035425,1.0042665,1.0034908,1.0045251,100,165,100,26,0
94,5,185,1.0035425,1.0042149,1.0034908,1.0042665,100,60,100,166,0
95,5,186,1.0035425,1.0042149,1.0034908,1.0042665,100,60,100,165,0
96,5,187,1.0036459,1.0046285,1.0035943,1.0046803,300,60,200,105,0
97,5,188,1.0038011,1.0046285,1.0034391,1.0046803,100,60,2,5,0
98,5,189,1.0038528,1.0046285,1.0034391,1.004732,100,103,2,100,0
99,5,190,1.0035425,1.0045768,1.0034391,1.0046285,100,1,2,127,0
100,5,191,1.0035943,1.0045768,1.0034391,1.0046285,100,101,2,126,0
101,5,192,1.0035943,1.0045251,1.0034391,1.0045768,100,103,2,101,0
102,5,193,1.0035943,1.0045251,1.0034391,1.0045768,100,104,2,100,0
103,5,194,1.0035943,1.0045251,1.0034391,1.0045768,100,103,2,100,0
104,5,195,1.0035943,1.0045251,1.0034391,1.0045768,100,104,2,100,0
105,5,196,1.0035425,1.0044734,1.0034391,1.0045251,100,102,2,101,0
106,5,197,1.0035943,1.0044734,1.0035425,1.0045251,100,102,102,100,0
107,5,198,1.0035425,1.0044734,1.0034391,1.0045251,102,103,2,100,0
108,5,199,1.0035425,1.0044734,1.0034391,1.0045251,100,103,2,100,0
109,5,200,1.0035425,1.0044734,1.0033357,1.0045251,100,103,100,100,0
110,5,201,1.0035425,1.0044734,1.0033357,1.0045251,100,102,100,100,0
111,5,203,1.0035425,1.0044734,1.0033357,1.0045251,100,2,100,100,0
112,5,204,1.0035425,1.0044217,1.0033357,1.0044734,100,100,100,2,0
113,5,205,1.0035425,1.0044217,1.0033357,1.0044734,100,101,100,2,0
114,5,206,1.0035425,1.0044217,1.0033357,1.0045251,100,103,100,100,0
115,5,207,1.0033357,1.0041631,1.0032322,1.0043182,100,2,1,200,0
116,5,209,1.0033357,1.0041114,1.0032322,1.0043182,100,103,1,100,0
117,5,211,1.0033357,1.0041114,1.003284,1.00437,100,3,28,4,0
118,5,212,1.0033357,1.0041114,1.003284,1.00437,100,27,28,4,0
119,5,213,1.0033357,1.0041114,1.0032322,1.00437,100,27,1,4,0
120,5,215,1.0033357,1.0041114,1.0032322,1.00437,100,27,29,4,0
121,5,216,1.0033357,1.0041114,1.0032322,1.0043182,100,27,1,2,0
122,5,218,1.0040079,1.0048354,1.0033873,1.0050423,10,194,200,46,0
123,5,219,1.0033873,1.0047837,1.0033357,1.0048354,100,79,276,194,0
124,5,221,1.0033873,1.0047837,1.0033357,1.0048354,102,79,276,194,0
125,5,222,1.0033873,1.0047837,1.0033357,1.0048354,102,155,276,194,0
126,5,223,1.0034908,1.0047837,1.0034391,1.0048354,100,56,101,194,0
127,5,224,1.0034908,1.0047837,1.0034391,1.0048354,407,55,1,194,0
128,5,225,1.0035943,1.0047837,1.0035425,1.0048354,300,55,3,194,0
129,5,226,1.0035943,1.0047837,1.0035425,1.0048354,402,55,3,194,0
130,5,227,1.0036976,1.0047837,1.0036459,1.0048354,406,80,6,194,0
131,5,228,1.0038011,1.0047837,1.0037494,1.0048354,100,80,105,194,0
132,5,230,1.0038528,1.0047837,1.0036976,1.0048354,1,80,100,194,0
133,5,231,1.0038011,1.0047837,1.0033357,1.0048354,100,81,176,194,0
134,5,232,1.0038011,1.0047837,1.0033357,1.0048354,100,80,176,194,0
135,5,233,1.0038528,1.0047837,1.0038011,1.0048354,101,80,100,194,0
136,5,234,1.0038528,1.0047837,1.0033357,1.0048354,201,80,176,194,0
137,5,235,1.0038528,1.0047837,1.0033357,1.0048354,102,80,176,194,0
138,5,237,1.0039046,1.0047837,1.0038528,1.0048354,100,80,2,194,0
139,5,239,1.0039046,1.0047837,1.0033357,1.0048354,100,80,176,194,0
140,5,248,1.0039046,1.0047837,1.0033357,1.0048354,100,81,176,194,0
141,5,253,1.0039046,1.0047837,1.0033357,1.0048354,100,82,100,194,0
142,5,254,1.0033357,1.0041114,1.0032322,1.00437,100,31,1,21,0
143,5,255,1.0033357,1.0041114,1.0032322,1.00437,100,31,1,22,0
144,5,256,1.0033357,1.0041114,1.0032322,1.0043182,100,131,1,1,0
145,5,257,1.0033873,1.0041114,1.0033357,1.0046285,100,1,100,28,0
146,5,258,1.0033873,1.0041114,1.0033357,1.0044734,100,1,100,1,0
147,5,259,1.0033873,1.0041114,1.0033357,1.00437,100,1,100,1,0
148,5,260,1.0033873,1.0041114,1.0033357,1.00437,100,1,100,2,0
149,5,263,1.0033357,1.0041114,1.0032322,1.00437,100,1,1,101,0
150,5,264,1.0033873,1.0041114,1.0033357,1.0043182,1,1,100,1,0
151,5,265,1.0033873,1.00437,1.0033357,1.0046285,1,108,100,28,0
152,5,269,1.0033873,1.00437,1.0033357,1.0046285,100,108,100,28,0
153,5,278,1.0033873,1.0046285,1.0033357,1.004732,100,100,100,103,0
154,5,282,1.0034908,1.004732,1.0034391,1.0048354,100,128,1,194,0
155,5,283,1.0035425,1.004732,1.0034391,1.0048354,9,203,1,194,0
156,5,287,1.0034391,1.004732,1.0033357,1.0048354,1,203,100,194,0
157,5,288,1.0035425,1.004732,1.0034391,1.0048354,3,228,1,194,0
158,5,290,1.0035425,1.004732,1.0034391,1.0048354,3,227,1,194,0
159,5,293,1.0035425,1.004732,1.0034391,1.0048354,4,227,1,194,0
160,5,295,1.0035425,1.004732,1.0034391,1.0048354,7,227,1,194,0
161,5,296,1.0035425,1.004732,1.0034391,1.0048354,7,225,1,194,0
162,5,298,1.0035425,1.004732,1.0034391,1.0048354,6,225,1,194,0
163,5,301,1.0035943,1.004732,1.0035425,1.0048354,100,225,8,194,0
164,5,303,1.0036976,1.004732,1.0036459,1.0048354,100,225,4,194,0
165,5,304,1.0036976,1.004732,1.0036459,1.0048354,1,200,4,194,0
166,5,305,1.0036976,1.004732,1.0034391,1.0048354,1,200,1,194,0
167,5,306,1.0034908,1.004732,1.0034391,1.0048354,100,225,1,194,0
168,5,308,1.0036976,1.0046803,1.0034391,1.004732,2,26,1,100,0
169,5,309,1.0036976,1.0046803,1.0033357,1.004732,2,26,300,100,0
170,5,310,1.0033873,1.0046803,1.0033357,1.004732,100,81,100,100,0
171,5,311,1.0033873,1.0046803,1.0033357,1.004732,100,82,100,100,0
172,5,312,1.0033873,1.0046803,1.0033357,1.004732,200,1,200,100,0
173,5,313,1.0033873,1.004732,1.0033357,1.0048354,200,103,200,194,0
174,5,314,1.0033873,1.004732,1.0033357,1.0048354,200,103,100,194,0
175,5,316,1.0033873,1.004732,1.0033357,1.0048354,100,103,100,194,0
176,5,322,1.0033873,1.0046803,1.0033357,1.004732,100,1,100,103,0
177,5,323,1.0037494,1.0046803,1.0033357,1.004732,2,101,100,103,0
178,5,329,1.0037494,1.0046803,1.0033357,1.004732,2,201,100,103,0
179,5,331,1.0034391,1.0046803,1.0033873,1.004732,201,198,100,103,0
180,5,336,1.0034391,1.0046803,1.0033357,1.004732,201,198,100,103,0
181,5,338,1.0034391,1.0046803,1.0033357,1.004732,201,198,100,103,0
182,5,340,1.0034391,1.0046803,1.0033357,1.004732,1,198,100,103,0
183,5,345,1.0037494,1.0046803,1.0034391,1.004732,2,198,1,103,0
184,5,348,1.0037494,1.0046803,1.0034391,1.004732,3,198,1,103,0
185,5,350,1.0037494,1.0046803,1.0034391,1.004732,2,198,1,103,0
186,5,353,1.0037494,1.0046803,1.0034391,1.004732,3,198,1,103,0
187,5,356,1.0037494,1.0046803,1.0034391,1.004732,2,198,1,103,0
188,5,363,1.0037494,1.0046803,1.0034391,1.004732,3,198,1,103,0
189,5,365,1.0037494,1.0046803,1.0034391,1.004732,2,198,1,103,0
190,5,366,1.0039562,1.0046803,1.0037494,1.004732,10,152,2,103,0
191,5,367,1.0039562,1.0046803,1.0037494,1.004732,10,125,2,103,0
192,5,374,1.0039562,1.0046803,1.0037494,1.004732,10,25,2,103,0
193,5,378,1.0039562,1.0046803,1.0037494,1.004732,10,81,2,103,0
194,5,380,1.0040597,1.0044217,1.0034391,1.0046803,100,1,3,27,0
195,5,382,1.0040597,1.0044217,1.0034391,1.0046803,101,1,3,127,0
196,5,385,1.0040597,1.0044217,1.0035425,1.0046803,101,1,100,127,0
197,5,386,1.0040597,1.0044217,1.0035425,1.0046803,101,1,200,227,0
198,5,388,1.0040597,1.0044217,1.0035425,1.0046803,100,1,200,227,0
199,5,389,1.0042149,1.0046803,1.0035425,1.004732,100,125,200,2,0
200,5,391,1.0042149,1.0046803,1.0038528,1.004732,100,125,29,2,0
201,5,394,1.0042149,1.0046803,1.0038528,1.004732,100,100,29,2,0
202,5,398,1.0035943,1.0042149,1.0035425,1.00437,100,3,200,10,0
203,5,399,1.0034391,1.00437,1.0033357,1.0045768,1,10,100,9,0
204,5,400,1.0034391,1.00437,1.0033357,1.0045251,1,10,100,3,0
205,5,401,1.0034908,1.00437,1.0034391,1.0045251,100,13,1,3,0
206,5,402,1.0034391,1.0045251,1.0033357,1.0045768,1,28,100,6,0
207,5,403,1.0034391,1.0045251,1.0033357,1.0045768,3,3,100,6,0
208,5,404,1.0034391,1.00437,1.0033357,1.0045251,3,3,100,3,0
209,5,406,1.0034391,1.00437,1.0033357,1.0045251,1,3,100,3,0
210,5,410,1.0033357,1.00437,1.0032322,1.0045251,100,3,1,3,0
211,5,411,1.0033357,1.00437,1.0032322,1.0045251,100,3,1,3,0
212,5,416,1.0033357,1.00437,1.0032322,1.0045251,100,4,1,3,0
213,5,425,1.0033357,1.0043182,1.0032322,1.00437,200,30,1,169,0
214,5,426,1.0033357,1.0038528,1.0032322,1.0043182,200,2,1,31,0
215,5,427,1.0033357,1.0038528,1.0032322,1.0043182,200,2,1,11,0
216,5,428,1.0033357,1.0038528,1.0032322,1.0043182,201,2,1,12,0
217,5,430,1.0033357,1.0042665,1.0032322,1.0043182,201,28,1,2,0
218,5,431,1.0033873,1.0042665,1.0033357,1.00437,200,94,100,15,0
219,5,433,1.0034391,1.0042665,1.0033873,1.0046803,100,94,100,129,0
220,5,434,1.0034908,1.0042665,1.0034391,1.0046803,100,94,100,129,0
221,5,435,1.0034908,1.0042665,1.0034391,1.0046803,100,28,100,129,0
222,5,437,1.0035425,1.0042665,1.0034908,1.0046285,100,90,100,100,0
223,5,438,1.0035425,1.0042665,1.0034908,1.0046285,100,66,100,100,0
224,5,440,1.0035943,1.0042665,1.0035425,1.0046285,100,66,100,100,0
225,5,441,1.0035425,1.0042665,1.0033357,1.0046285,100,91,100,100,0
226,5,442,1.0035425,1.0042665,1.0033357,1.0046285,100,66,100,100,0
227,5,443,1.0035943,1.0042665,1.0035425,1.0046803,100,65,100,129,0
228,5,444,1.0035425,1.0042665,1.0033357,1.0045768,100,90,100,1,0
229,5,445,1.0036459,1.0042665,1.0035943,1.0046803,100,65,100,129,0
230,5,446,1.0035943,1.0042665,1.0033357,1.00437,100,90,100,1,0
231,5,447,1.0035943,1.0042665,1.0033357,1.0045251,100,90,100,1,0
232,5,448,1.0037494,1.0042665,1.0036459,1.0043182,2,3,2,100,0
233,5,449,1.0037494,1.0042665,1.0036459,1.0043182,2,1,2,200,0
234,5,464,1.0036459,1.0040079,1.0035943,1.0042665,2,10,100,1,0
235,5,465,1.0035943,1.0040079,1.0033357,1.0042665,100,1,100,102,0
236,5,466,1.0035943,1.0042665,1.0033357,1.0046285,100,202,100,1,0
237,5,467,1.0035943,1.0042665,1.0033357,1.0046285,100,203,100,1,0
238,5,470,1.003077,1.0036459,1.0024565,1.0039046,203,101,29,100,0
239,5,471,1.0031288,1.0040597,1.003077,1.0041631,28,100,200,100,0
240,5,472,1.003077,1.0040079,1.0024565,1.0040597,200,102,29,200,0
241,5,473,1.003077,1.0040079,1.0024565,1.0040597,200,130,29,200,0
242,5,474,1.0027668,1.0039046,1.0027151,1.0040079,100,2,100,130,0
243,5,475,1.003077,1.0039046,1.0026116,1.0040079,28,2,302,2,0
244,5,477,1.0031288,1.0039046,1.003077,1.0040079,2,2,28,2,0
245,5,478,1.003077,1.0039046,1.0026116,1.0040079,28,3,302,2,0
246,5,479,1.003077,1.0039046,1.0026116,1.0040079,28,2,302,2,0
247,5,488,1.0032322,1.0040079,1.0031805,1.0040597,100,2,26,2,0
248,5,489,1.0031288,1.0040079,1.003077,1.0040597,100,2,28,2,0
249,5,495,1.003077,1.0040079,1.0026116,1.0040597,28,2,302,2,0
250,5,496,1.0031288,1.0040079,1.003077,1.0040597,126,2,28,2,0
251,5,498,1.0031288,1.0040079,1.003077,1.0040597,134,2,28,2,0
252,5,503,1.0031288,1.0040079,1.003077,1.0040597,235,2,28,2,0
253,5,511,1.0031288,1.0040079,1.003077,1.0040597,235,27,28,2,0
254,5,513,1.0031288,1.0040079,1.003077,1.0040597,238,27,28,2,0
255,5,514,1.0035425,1.0044217,1.0031288,1.0045251,3,15,238,200,0
256,5,515,1.0035425,1.0044217,1.0031288,1.0045251,7,17,201,100,0
257,5,516,1.0035425,1.0044217,1.0031288,1.0046803,7,16,200,129,0
258,5,518,1.0035425,1.0044217,1.0031288,1.0046803,8,19,200,129,0
259,5,519,1.0035425,1.0044217,1.0031805,1.0046803,8,119,2,129,0
260,5,520,1.0035425,1.0044217,1.0031805,1.0046803,8,120,2,129,0
261,5,521,1.0035425,1.0040079,1.0031805,1.0044217,12,1,2,119,0
262,5,522,1.0035425,1.0040079,1.0031805,1.0044217,8,1,2,118,0
263,5,523,1.0035425,1.0044217,1.0031805,1.0046803,11,118,2,129,0
264,5,524,1.0035425,1.0044217,1.0031805,1.0046803,11,119,2,129,0
265,5,525,1.0035425,1.0044217,1.0031805,1.0046803,4,119,2,129,0
266,5,526,1.0035425,1.0044217,1.0031805,1.0046803,4,119,102,129,0
267,5,528,1.0035425,1.0044217,1.0031805,1.0046803,8,119,102,129,0
268,5,531,1.0035425,1.0044217,1.0031805,1.0046803,10,119,102,129,0
269,5,532,1.0035425,1.0044217,1.0031805,1.0046803,10,119,2,129,0
270,5,534,1.0035425,1.0044217,1.0031805,1.0046803,112,144,2,129,0
271,5,535,1.0035425,1.0044217,1.0031805,1.0046803,110,143,2,129,0
272,5,538,1.0035425,1.0044217,1.0031805,1.0046803,8,118,2,129,0
273,5,539,1.0035425,1.0044217,1.0031805,1.0046803,8,144,2,129,0
274,5,540,1.0031288,1.0040079,1.0030254,1.0040597,2,21,100,27,0
275,5,541,1.0031288,1.0040079,1.0030254,1.0040597,2,104,100,30,0
276,5,542,1.0031288,1.0040079,1.0030254,1.0040597,2,204,100,30,0
277,5,545,1.0031288,1.0035425,1.0027668,1.0040079,7,2,1,202,0
278,5,546,1.0031288,1.0035425,1.0027668,1.0040079,7,2,1,201,0
279,5,548,1.0031288,1.0035425,1.0027668,1.0040079,2,2,1,201,0
280,5,549,1.0027668,1.0033357,1.0026634,1.0034391,1,100,1,27,0
281,5,550,1.0026634,1.0031805,1.0025599,1.0033357,1,94,100,101,0
282,5,551,1.0020428,1.0031288,1.001991,1.0031805,1,100,1,103,0
283,5,552,1.0020428,1.0031288,1.001991,1.0031805,1,101,1,100,0
284,5,555,1.0020428,1.0031288,1.001991,1.0031805,1,101,1,100,0
285,5,558,1.0020428,1.0031288,1.001991,1.0031805,1,101,101,100,0
286,5,561,1.0020428,1.0027151,1.001991,1.0031288,1,1,101,101,0
287,5,562,1.0022496,1.0031288,1.0020428,1.0031805,100,100,1,100,0
288,5,563,1.0022496,1.0031288,1.0020428,1.0031805,100,101,1,196,0
289,5,571,1.0023013,1.0031288,1.0022496,1.0031805,100,101,100,196,0
290,5,572,1.0027668,1.0036459,1.0024048,1.0037494,100,101,200,3,0
291,5,573,1.0028702,1.0036459,1.0027668,1.0037494,1,1,100,3,0
292,5,574,1.0028702,1.0036459,1.0027668,1.0037494,1,1,100,103,0
293,5,575,1.0028702,1.0034391,1.0023531,1.0036459,100,6,26,1,0
294,5,579,1.0028702,1.0034391,1.0023531,1.0035943,100,6,26,2,0
295,5,581,1.0029737,1.0036459,1.0028702,1.0037494,26,1,100,3,0
296,5,584,1.0028702,1.0036459,1.0026116,1.0037494,100,26,2,3,0
297,5,585,1.0031288,1.0037494,1.0030254,1.0038011,100,3,26,3,0
298,5,586,1.0031288,1.0037494,1.0026116,1.0038011,100,3,2,3,0
299,5,587,1.0031288,1.0037494,1.0030254,1.0038011,100,3,26,3,0
300,5,588,1.0031288,1.0037494,1.0026116,1.0038011,100,3,2,3,0
301,5,593,1.0031288,1.0037494,1.0030254,1.0038011,100,3,26,3,0
302,11,0,0.99947304,1.0001757,0.99942285,1.0003765,205,100,20,30,0
303,11,3,0.99947304,1.0001757,0.99942285,1.0003765,200,100,20,30,0
304,11,13,0.99947304,1.0003263,0.99942285,1.0003765,200,100,20,30,0
305,11,18,0.99947304,1.0000252,0.99942285,1.0003765,200,100,20,30,0
306,11,28,0.99947304,1.0003263,0.99942285,1.0003765,200,100,20,30,0
307,11,44,0.99947304,1.0003263,0.99942285,1.0003765,200,111,20,30,0
308,11,51,0.99947304,1.0000252,0.99942285,1.0003263,200,10,20,11,0
309,11,52,0.99947304,1.0000252,0.99942285,1.0003263,100,10,20,11,0
310,11,62,0.99947304,1.0000252,0.99942285,1.0003263,100,110,20,11,0
311,11,64,0.99947304,1.0000252,0.99942285,1.0003263,100,110,20,11,0
312,11,65,0.99947304,1.0000252,0.99942285,1.0003263,105,110,20,11,0
313,11,66,0.999724,1.0000252,0.99947304,1.0003263,1,110,100,11,0
314,11,75,0.999724,1.0003765,0.99947304,1.000527,1,30,100,150,0
315,11,104,0.999724,1.0003765,0.99947304,1.000527,1,31,200,150,0
316,11,107,0.999724,1.0003765,0.99947304,1.000527,1,31,200,150,0
317,11,110,0.999724,1.0003765,0.99947304,1.000527,9,166,100,125,0
318,11,111,0.999724,1.0003765,0.99947304,1.000527,9,166,100,125,0
319,11,112,0.999724,1.0003765,0.99947304,1.000527,9,166,200,125,0
320,11,113,0.999724,1.0003765,0.99947304,1.000527,9,166,200,125,0
321,11,114,0.999724,1.0003765,0.99947304,1.000527,8,166,200,125,0
322,11,116,0.99947304,1.0003765,0.99942285,1.000527,200,166,20,125,0
323,11,119,0.9995734,1.0003765,0.99947304,1.000527,31,166,200,125,0
324,11,120,0.9995734,1.0003765,0.99947304,1.000527,31,166,200,125,0
325,11,127,0.9995734,1.0003765,0.99947304,1.000527,39,166,200,125,0
326,11,131,0.9995734,1.0003765,0.99947304,1.000527,38,40,200,150,0
327,11,133,0.9999247,1.0003765,0.9995734,1.000527,1,40,30,150,0
328,11,135,0.9999247,1.0003765,0.9995734,1.000527,9,40,30,150,0
329,11,151,0.9999247,1.0003765,0.9996738,1.000527,9,40,6,125,0
330,11,152,0.9999247,1.0003765,0.999724,1.000527,9,40,6,125,0
331,11,153,0.9999247,1.0003765,0.999724,1.000527,10,40,211,125,0
332,11,154,0.9999247,1.0003765,0.999724,1.000527,9,40,106,125,0
333,11,156,0.9999247,1.0003765,0.999724,1.000527,9,40,206,125,0
334,11,162,1.0000252,1.0003765,0.9999749,1.000527,1,40,20,125,0
335,11,164,0.9999247,1.0002259,0.99987453,1.0003765,1,10,20,31,0
336,11,167,0.99987453,1.0002259,0.999724,1.0003765,20,10,205,31,0
337,11,168,0.99987453,1.0002259,0.999724,1.0003263,20,10,205,26,0
338,11,169,0.99987453,1.0002259,0.999724,1.0003765,20,10,205,156,0
339,11,170,0.99987453,1.0002259,0.999724,1.0003765,20,11,200,55,0
340,11,171,0.99987453,1.0002259,0.999724,1.0003263,20,10,200,26,0
341,11,180,0.99987453,1.0002259,0.999724,1.0003263,20,11,200,25,0
342,11,181,0.99987453,1.0002259,0.999724,1.0003263,20,10,200,1,0
343,11,184,0.999724,1.0002259,0.9995734,1.0003765,200,11,30,30,0
344,11,185,0.999724,1.0002259,0.9995734,1.0003765,205,11,30,30,0
345,11,189,0.999724,1.0002259,0.9995734,1.0003765,200,11,30,30,0
346,11,191,0.999724,1.0002259,0.9995734,1.0003765,200,11,30,30,0
347,11,192,0.999724,0.9999749,0.9995734,1.0002259,202,1,30,10,0
348,11,194,0.999724,0.9999749,0.9995734,1.0002259,302,1,30,10,0
349,11,199,0.999724,0.9999749,0.9995734,1.0002259,302,1,30,210,0
350,11,202,0.999724,1.0001255,0.9995734,1.0002259,312,10,30,100,0
351,11,204,0.999724,1.0001255,0.9995734,1.0002259,314,10,30,100,0
352,11,207,0.999724,1.0001255,0.9995734,1.0002259,315,10,30,100,0
353,11,209,0.999724,1.0001255,0.9995734,1.0002259,314,10,30,100,0
354,11,210,0.999724,1.0001255,0.9996738,1.0002259,309,10,20,100,0
355,11,212,0.999724,1.0001255,0.9996738,1.0002259,310,10,20,100,0
356,11,213,0.999724,1.0001255,0.9996738,1.0002259,310,10,20,100,0
357,11,215,0.999724,1.0001255,0.9996738,1.0002259,311,10,20,100,0
358,11,220,0.999724,1.0001255,0.9996738,1.0001757,307,10,20,2,0
359,11,222,0.999724,1.0001255,0.9996738,1.0001757,307,10,20,2,0
360,11,223,0.999724,1.0001255,0.9996738,1.0001757,307,10,20,2,0
361,11,224,0.999724,1.0001255,0.9996738,1.0001757,307,10,20,2,0
362,11,225,0.999724,1.0001255,0.9996738,1.0001757,307,10,20,2,0
363,11,228,0.999724,1.0001255,0.9996738,1.0001757,307,10,20,2,0
364,11,235,0.999724,1.0001255,0.9996738,1.0001757,308,10,20,2,0
365,11,240,0.999724,1.0001255,0.9996738,1.0001757,307,10,20,2,0
366,11,241,0.999724,1.0001255,0.9996738,1.0001757,307,10,20,2,0
367,11,246,0.999724,1.0001255,0.9996738,1.0002259,304,10,20,100,0
368,11,248,0.999724,1.0001255,0.9996738,1.0003765,304,110,20,32,0
369,11,252,0.999724,1.0001255,0.9996738,1.0003765,307,2,20,32,0
370,11,256,0.999724,1.0001255,0.9996738,1.0003765,307,2,20,135,0
371,11,257,0.999724,1.0001255,0.9996738,1.0003765,307,2,20,35,0
372,11,258,1.0000252,1.0003765,0.9999749,1.000527,1,35,20,100,0
373,11,267,1.0000252,1.0003765,0.9999749,1.000527,2,35,20,100,0
374,11,269,1.0000252,1.0003765,0.9999749,1.000527,2,32,20,100,0
375,11,271,1.0001757,1.0003765,1.0001255,1.000527,1,32,20,100,0
376,11,272,1.0001757,1.0003765,1.0001255,1.000527,3,32,20,100,0
377,11,274,1.0001757,1.0003765,1.0001255,1.000527,1,32,20,100,0
378,11,277,1.0001757,1.0003765,1.0001255,1.000527,3,32,20,100,0
379,11,279,1.0001757,1.0003765,1.0001255,1.000527,4,32,20,100,0
380,11,283,1.0001757,1.0003765,1.0001255,1.000527,4,27,20,100,0
381,11,284,1.0001757,1.0003765,1.0001255,1.000527,1,27,20,100,0
382,11,285,1.0001757,1.0003765,1.0001255,1.000527,3,27,20,100,0
383,11,289,1.0001757,1.0003765,1.0001255,1.000527,1,27,20,100,0
384,11,291,1.0001757,1.0003765,1.0001255,1.000527,1,25,20,100,0
385,11,292,1.0001757,1.0003765,1.0001255,1.000527,3,25,20,100,0
386,11,297,1.0001757,1.0003765,1.0001255,1.000527,5,25,20,100,0
387,11,305,1.0001255,1.0003765,0.9999749,1.000527,21,24,301,100,0
388,11,307,1.0001255,1.0003765,0.9999749,1.000527,20,24,301,100,0
389,11,329,1.0001255,1.0003765,0.9999749,1.0004267,20,24,301,110,0
390,11,332,1.0001255,1.0003765,0.9999749,1.0004267,20,24,301,10,0
391,11,333,1.0001255,1.0003765,0.9999749,1.0004267,20,127,301,10,0
392,11,340,1.0001757,1.0003765,1.0001255,1.0004267,1,127,20,10,0
393,11,341,1.0001255,1.0003765,0.9999749,1.000527,18,27,301,200,0
394,11,342,1.0001255,1.0003765,0.9999749,1.000527,19,27,201,200,0
395,11,344,1.0001255,1.0003765,0.9999749,1.000527,18,24,201,301,0
396,11,345,1.0001255,1.0003765,0.9999749,1.000527,18,24,301,201,0
397,11,346,1.0001255,1.0003765,0.9999749,1.0004768,18,24,301,1,0
398,11,347,1.0001255,1.0003765,0.9999749,1.0004768,19,24,301,2,0
399,11,349,1.0001255,1.0003765,0.9999749,1.0004768,19,24,301,5,0
400,11,350,1.0001255,1.0003765,0.9999749,1.0004768,18,24,301,4,0
401,11,351,1.0001255,1.0003765,0.9999749,1.0004768,18,24,301,5,0
402,11,352,1.0001255,1.0003765,0.9999749,1.0004768,20,24,201,5,0
403,11,353,1.0002259,1.0003765,1.0001255,1.0004768,19,24,2,1,0
404,11,354,1.0002259,1.0003765,1.0001255,1.0004768,21,24,2,1,0
405,11,362,1.0001255,1.0003765,0.9999749,1.000527,2,24,201,302,0
406,11,363,1.0001255,1.0003765,0.9999749,1.000527,2,25,201,201,0
407,11,364,0.9999749,1.0003765,0.99987453,1.000527,201,25,101,201,0
408,11,367,0.9999749,1.0003765,0.99987453,1.000527,201,28,101,201,0
409,11,368,0.9999749,1.0003263,0.999724,1.0003765,301,1,206,128,0
410,11,369,0.9999749,1.0003263,0.999724,1.0003765,301,1,206,128,0
411,11,370,0.9999749,1.0003263,0.99982435,1.0003765,301,2,106,127,0
412,11,371,0.9999749,1.0003263,0.99982435,1.0003765,301,1,106,228,0
413,11,372,0.9999749,1.0003263,0.99982435,1.0003765,301,2,106,127,0
414,11,373,0.9999749,1.0003263,0.99982435,1.0003765,301,2,106,125,0
415,11,374,0.9999749,1.0003263,0.99982435,1.0003765,401,2,106,125,0
416,11,375,0.9999749,1.0003263,0.99982435,1.0003765,402,2,106,25,0
417,11,376,0.9999749,1.0003263,0.99982435,1.0003765,302,2,106,25,0
418,11,377,0.9999749,1.0003263,0.99982435,1.0003765,302,2,106,22,0
419,11,382,0.9999749,1.0003263,0.99982435,1.0003765,303,2,106,22,0
420,11,383,1.0000252,1.000527,0.9999749,1.0006776,137,200,303,28,0
421,11,384,1.0000252,1.000527,0.9999749,1.0006776,137,200,301,28,0
422,11,387,1.0000252,1.000527,0.9999749,1.0006776,138,200,300,18,0
423,11,388,1.0000252,1.000527,0.9999749,1.0006776,138,200,200,18,0
424,11,389,1.0000252,1.000527,0.9999749,1.0006776,138,400,200,18,0
425,11,390,1.0000252,1.000527,0.9999749,1.0006776,138,400,320,18,0
426,11,395,1.0000753,1.000527,1.0000252,1.0006776,137,400,120,18,0
427,11,397,1.0000753,1.000527,1.0000252,1.0006776,237,400,20,18,0
428,11,398,1.0000753,1.000527,1.0000252,1.0006776,238,400,20,18,0
429,11,401,1.0000753,1.000527,1.0000252,1.0006776,238,400,20,18,0
430,11,402,1.0000753,1.000527,1.0000252,1.0006776,238,400,20,18,0
431,11,403,1.0000753,1.000527,1.0000252,1.0006776,243,400,20,18,0
432,11,409,1.0000753,1.000527,1.0000252,1.0006776,238,400,20,18,0
433,11,410,1.0000753,1.000527,1.0000252,1.0006776,260,400,20,18,0
434,11,411,1.0000753,1.000527,1.0000252,1.0006776,265,200,20,18,0
435,11,412,1.0000753,1.000527,1.0000252,1.0006776,265,200,20,18,0
436,11,413,1.0000753,1.000527,1.0000252,1.0006776,260,200,20,18,0
437,11,414,1.0000753,1.000527,1.0000252,1.0006776,260,200,20,18,0
438,11,415,1.0000753,1.0004267,1.0000252,1.000527,260,3,20,200,0
439,11,416,1.0000753,1.0004267,1.0000252,1.000527,265,3,20,200,0
440,11,417,1.0000753,1.0004267,1.0000252,1.000527,260,3,20,300,0
441,11,419,1.0000753,1.0004768,1.0000252,1.000527,260,3,20,300,0
442,11,423,1.0000753,1.0004768,1.0000252,1.000527,260,3,20,200,0
443,11,430,1.0000753,1.0004768,1.0000252,1.000527,260,3,20,200,0
444,11,433,1.0000753,1.0004768,1.0000252,1.000527,260,3,20,302,0
445,11,436,1.0000753,1.0004768,1.0000252,1.000527,260,3,20,202,0
446,11,437,1.0000753,1.0004768,1.0000252,1.000527,360,3,20,202,0
447,11,440,1.0000753,1.000527,1.0000252,1.0005772,360,202,20,100,0
448,11,450,1.0002259,1.000527,1.0000753,1.0005772,1,202,360,100,0
449,11,451,1.0000753,1.000527,1.0000252,1.0005772,360,202,20,100,0
450,11,454,1.0000753,1.0003765,1.0000252,1.000527,360,3,20,202,0
451,11,459,1.0000753,1.000527,1.0000252,1.0005772,360,202,20,100,0
452,11,461,1.0000753,1.000527,1.0000252,1.0005772,360,202,20,100,0
453,11,474,1.0000753,1.000527,1.0000252,1.0005772,260,202,20,100,0
454,11,477,1.0000753,1.000527,1.0000252,1.0005772,260,202,20,100,0
455,11,478,1.0000753,1.000527,1.0000252,1.0005772,360,202,20,100,0
456,11,482,0.9999749,1.000527,0.9999247,1.0007278,100,202,100,75,0
457,11,485,0.9999749,1.0003263,0.9999247,1.000527,100,3,100,202,0
458,11,486,0.9999749,1.0003263,0.9995734,1.000527,200,3,31,202,0
459,11,488,1.0000252,1.0003263,0.9999749,1.000527,100,3,200,202,0
460,11,491,0.9999749,1.0003263,0.9995734,1.0004768,200,3,31,110,0
461,11,492,1.0000252,1.0003263,0.9999749,1.000527,106,3,200,102,0
462,11,494,1.0000753,1.0003263,1.0000252,1.000527,100,3,101,102,0
463,11,496,1.0000753,1.0003263,1.0000252,1.000527,100,3,1,102,0
464,11,498,1.0000753,1.0003263,1.0000252,1.000527,100,3,1,102,0
465,11,500,1.0000753,1.0003263,1.0000252,1.000527,100,3,1,102,0
466,11,523,1.0002259,1.000527,1.0001757,1.0007278,100,102,72,75,0
467,11,524,1.0001757,1.000527,1.0000753,1.0007278,73,102,100,75,0
468,11,525,1.0001757,1.000527,1.0000753,1.0007278,74,102,100,75,0
469,11,527,1.0001757,1.000527,1.0000753,1.0007278,74,100,100,75,0
470,11,528,1.0002259,1.000527,1.0001757,1.0007278,105,100,167,75,0
471,11,531,1.0002259,1.000527,1.0001757,1.0007278,205,100,142,75,0
472,11,532,1.0002259,1.000527,1.0001757,1.0007278,207,100,41,75,0
473,11,533,1.0002761,1.000527,1.0002259,1.0007278,6,100,200,75,0
474,11,534,1.0002761,1.000527,1.0002259,1.0007278,7,100,200,75,0
475,11,535,1.0002761,1.000527,1.0002259,1.0007278,107,100,100,75,0
476,11,536,1.0004768,1.000778,1.0002761,1.0008281,48,22,100,13,0
477,11,537,1.0004768,1.000778,1.0002761,1.0008281,150,22,100,13,0
478,11,538,1.0006274,1.0008783,1.0004768,1.0009787,11,44,141,10,0
479,11,539,1.0006274,1.0008783,1.0004768,1.0011795,8,44,141,27,0
480,11,541,1.0006274,1.0008783,1.0004768,1.0011795,108,44,41,27,0
481,11,544,1.0006274,1.0008783,0.9999749,1.0010289,108,44,100,178,0
482,11,545,1.0006274,1.0008783,0.9999749,1.0010289,108,44,100,278,0
483,11,546,1.0006274,1.0008281,1.0000252,1.0008783,102,1,105,44,0
484,11,547,1.0006274,1.0008281,1.0000252,1.0008783,202,1,105,44,0
485,11,548,1.0006274,1.0008783,1.0000252,1.0010289,202,44,100,378,0
486,11,549,1.0006274,1.0008783,0.9999749,1.0010289,203,44,105,378,0
487,11,552,1.0006274,1.0008783,0.9999749,1.0010289,201,44,105,378,0
488,11,554,1.0006274,1.0008783,1.0003263,1.0010289,201,44,105,378,0
489,11,555,1.0006274,1.0008783,1.0003263,1.0010289,206,44,100,378,0
490,11,556,1.0006274,1.0008783,0.9999749,1.0010289,207,44,100,378,0
491,11,557,1.0006274,1.0008783,0.9999749,1.0010289,206,44,100,378,0
492,11,558,1.0006274,1.0008783,0.9999749,1.0009787,206,44,100,1,0
493,11,563,1.0006274,1.0008783,0.9999749,1.0009787,206,44,100,101,0
494,11,564,1.0006274,1.0008783,0.9999749,1.0009787,206,44,100,111,0
495,11,567,1.0000252,1.000778,0.9999749,1.0008783,209,264,100,44,0
496,11,568,1.0000252,1.000778,0.9999749,1.0008783,309,10,100,44,0
497,11,570,1.0000252,1.000778,0.9999749,1.0008783,309,10,120,44,0
498,11,574,1.0000252,1.000778,0.9999749,1.0008783,200,10,120,44,0
499,11,584,1.0002761,1.000778,0.9999749,1.0008783,1,32,120,84,0
500,11,585,1.0002761,1.000778,0.9999749,1.0008783,1,32,120,44,0
501,11,596,1.0002761,1.000778,0.9999749,1.0008783,2,32,120,52,0
502,16,0,0.99959314,1.0004069,0.99925804,1.0006462,10,90,24,300,0
503,16,1,0.999641,1.0004069,0.99959314,1.0006462,134,90,15,100,0
504,16,2,0.999641,1.0005983,0.99959314,1.0008377,115,90,10,20,0
505,16,3,0.9997367,1.0005983,0.999641,1.000694,90,90,125,100,0
506,16,5,0.9997367,1.0005983,0.999641,1.000694,90,92,126,100,0
507,16,14,0.999641,1.0005983,0.99959314,1.0008377,126,92,10,20,0
508,16,15,0.999641,1.0005983,0.99959314,1.0008377,126,92,10,120,0
509,16,16,0.999641,1.0005983,0.99959314,1.0008377,126,90,10,122,0
510,16,18,0.99968886,1.0005983,0.999641,1.0008377,90,90,126,122,0
511,16,28,0.999641,1.0005983,0.99959314,1.0008377,126,90,10,122,0
512,16,30,0.999641,1.0005983,0.99959314,1.0008377,101,90,10,122,0
513,16,31,0.99959314,1.0005983,0.9992102,1.0008377,10,90,187,122,0
514,16,32,0.99959314,1.0005983,0.9992102,1.0008377,12,90,187,22,0
515,16,34,0.99959314,1.0005983,0.9992102,1.0008377,12,90,187,122,0
516,16,35,0.999641,1.0005983,0.99959314,1.0008377,116,90,2,122,0
517,16,36,0.999641,1.0005983,0.9992102,1.000694,116,90,186,100,0
518,16,37,0.999641,1.0005983,0.9992102,1.000694,216,90,186,100,0
519,16,38,0.999641,1.0005983,0.9992102,1.000694,217,90,186,100,0
520,16,42,0.999641,1.0005983,0.9992102,1.0008377,217,90,186,20,0
521,16,43,0.999641,1.0005983,0.9992102,1.0008377,217,92,186,20,0
522,16,44,0.999641,1.0005983,0.9992102,1.000694,217,92,186,100,0
523,16,45,0.999641,1.0005983,0.9992102,1.0008377,217,92,186,20,0
524,16,46,0.999641,1.0005983,0.9992102,1.000694,217,92,186,100,0
525,16,48,0.999641,1.0005983,0.9992102,1.0008377,217,92,186,20,0
526,16,50,0.999641,1.0005983,0.9992102,1.000694,217,92,186,100,0
527,16,51,0.999641,1.0005983,0.9992102,1.0008377,217,92,186,20,0
528,16,52,0.999641,1.0005983,0.9992102,1.0008377,217,90,186,120,0
529,16,55,0.999641,1.0005983,0.9992102,1.0008377,217,90,186,20,0
530,16,58,0.999641,1.0005026,0.9992102,1.0005505,101,90,186,300,0
531,16,59,0.999641,1.0005026,0.9992102,1.0005505,127,90,186,300,0
532,16,61,0.999641,1.0005026,0.9992102,1.0005505,127,90,186,100,0
533,16,69,0.999641,1.0002633,0.9992102,1.0003111,200,90,186,200,0
534,16,71,0.999641,1.0002633,0.9992102,1.0003111,100,90,186,200,0
535,16,72,0.999641,1.0002633,0.9992102,1.0004548,100,90,186,20,0
536,16,74,0.999641,1.0004069,0.9992102,1.0004548,126,90,186,22,0
537,16,75,0.999641,1.0004069,0.9992102,1.0004548,200,90,186,22,0
538,16,79,0.999641,1.0004069,0.9992102,1.0004548,224,90,186,22,0
539,16,81,0.999641,1.0004069,0.9992102,1.0004548,224,90,186,20,0
540,16,86,0.999641,1.0004069,0.9992102,1.0004548,200,90,186,20,0
541,16,93,0.999641,1.0004069,0.9992102,1.0004548,224,90,186,20,0
542,16,94,0.999641,1.0004069,0.9992102,1.0004548,225,90,186,20,0
543,16,98,0.99968886,1.0004548,0.999641,1.0005505,90,20,225,3,0
544,16,99,0.99968886,1.0004548,0.999641,1.0005505,90,20,225,3,0
545,16,101,0.9997846,1.0004548,0.999641,1.0005505,90,20,225,103,0
546,16,102,0.99968886,1.0004548,0.999641,1.0005505,90,14,225,103,0
547,16,103,0.99968886,1.0004548,0.999641,1.0005505,100,14,224,103,0
548,16,104,0.9997367,1.0004548,0.99968886,1.0005505,90,14,100,103,0
549,16,105,0.9997367,1.0004548,0.99968886,1.0005505,90,14,100,103,0
550,16,106,0.99983245,1.0004548,0.99968886,1.0005505,90,14,101,3,0
551,16,107,0.9997846,1.0004548,0.99968886,1.0005505,90,14,101,3,0
552,16,108,0.9998803,1.0004548,0.99968886,1.0005505,90,14,101,3,0
553,16,110,0.9997367,1.0004548,0.99968886,1.0005505,100,14,100,1,0
554,16,111,0.9997367,1.0004548,0.99968886,1.0005505,100,14,100,1,0
555,16,112,0.99983245,1.0004548,0.9997367,1.0005505,90,14,100,1,0
556,16,113,0.99983245,1.0004548,0.9997367,1.0005505,90,14,100,1,0
557,16,114,0.99983245,1.0004548,0.9997367,1.0005505,90,14,101,101,0
558,16,117,0.99983245,1.0004548,0.9997367,1.0005505,90,14,101,103,0
559,16,118,0.9997846,1.0004548,0.9997367,1.0005505,90,14,101,3,0
560,16,119,0.9997846,1.0004548,0.9997367,1.0005505,90,14,100,2,0
561,16,120,0.9997846,1.0004548,0.9997367,1.0005505,90,14,101,2,0
562,16,121,1.0001197,1.0008377,0.9997367,1.0008856,100,90,100,1,0
563,16,122,1.0001197,1.0008377,0.999641,1.0008856,200,90,124,1,0
564,16,123,1.0001197,1.0008377,0.999641,1.0008856,100,90,124,1,0
565,16,124,1.0001197,1.0008377,0.999641,1.0008856,100,90,125,1,0
566,16,127,1.0001197,1.0008377,0.999641,1.0008856,100,92,125,1,0
567,16,139,1.0001197,1.0008377,0.9999282,1.0008856,100,92,29,1,0
568,16,146,1.0001197,1.0008377,0.9999282,1.0008856,100,2,29,1,0
569,16,148,1.0001197,1.0007899,0.9999282,1.0008377,100,100,29,2,0
570,16,149,1.0001197,1.0007899,0.9999282,1.0008856,100,100,29,1,0
571,16,152,1.0001197,1.0008856,0.9999282,1.0009813,100,1,29,24,0
572,16,156,1.0001197,1.0008377,0.9999282,1.0008856,100,100,29,1,0
573,16,159,1.0001197,1.0008377,0.9999282,1.0008856,101,100,29,1,0
574,16,160,0.9999282,1.000359,0.999641,1.0005983,29,102,125,14,0
575,16,161,0.999641,1.000359,0.99949735,1.0005983,125,2,200,14,0
576,16,162,0.999641,1.000359,0.99949735,1.0005505,125,2,200,100,0
577,16,163,0.999641,1.000359,0.9993059,1.0005505,125,2,100,100,0
578,16,165,0.999641,1.000359,0.9993059,1.0004548,125,2,100,100,0
579,16,166,0.999641,1.0003111,0.9993059,1.000359,101,90,100,100,0
580,16,167,0.999641,1.0003111,0.9993059,1.000359,101,91,100,100,0
581,16,171,0.999641,1.0003111,0.9993059,1.000359,101,191,100,100,0
582,16,175,0.999641,1.0003111,0.9993059,1.000359,126,191,100,100,0
583,16,176,0.99968886,1.0003111,0.999641,1.000359,90,101,126,100,0
584,16,178,0.99968886,1.0003111,0.999641,1.0005505,90,101,126,100,0
585,16,184,0.99968886,1.0003111,0.999641,1.0005505,90,101,101,100,0
586,16,185,0.999641,1.0002633,0.9993059,1.0003111,101,90,100,101,0
587,16,187,0.999641,1.0002154,0.9993059,1.0003111,101,90,100,101,0
588,16,188,0.999641,1.0002154,0.9993059,1.0003111,101,190,100,1,0
589,16,200,0.9994016,1.0001675,0.9992102,1.0002154,10,90,186,100,0
590,16,202,0.9994016,1.0001675,0.9992102,1.0003111,10,190,186,1,0
591,16,203,0.9994016,1.0001675,0.9992102,1.0003111,10,290,186,1,0
592,16,210,0.99959314,1.0001675,0.9994016,1.0003111,2,290,10,1,0
593,16,212,0.99959314,1.0001675,0.9994016,1.000359,2,391,10,200,0
594,16,220,0.99959314,1.0001675,0.9994016,1.000359,2,291,10,200,0
595,16,221,0.99959314,1.0001675,0.9994016,1.0002154,2,291,10,15,0
596,16,227,0.99959314,1.0001675,0.9994495,1.0002154,2,291,5,15,0
597,16,228,0.9992102,0.999641,0.99906653,0.9999282,101,90,24,100,0
598,16,229,0.9992102,0.999641,0.99901867,1.000024,101,90,100,215,0
599,16,230,0.9992102,0.999641,0.99901867,1.000024,101,90,126,215,0
600,16,232,0.9992102,0.999641,0.99892294,1.000024,101,90,86,215,0
601,16,236,0.99892294,0.9994016,0.99858785,0.99959314,86,90,316,100,0
602,16,237,0.99901867,0.9995453,0.99892294,1.000024,122,90,86,200,0
603,16,238,0.99901867,0.9995453,0.99892294,0.9997846,122,249,86,100,0
604,16,240,0.99901867,0.9995453,0.99892294,0.9997367,122,449,86,100,0
605,16,242,0.99901867,0.9995453,0.99892294,0.9997367,123,449,86,100,0
606,16,248,0.99901867,0.9995453,0.99892294,0.9997846,123,349,86,100,0
607,16,249,0.99901867,0.9995453,0.99892294,1.0001675,123,349,86,1,0
608,16,265,0.99901867,0.9995453,0.99892294,0.99959314,123,259,86,2,0
609,16,270,0.9993059,0.99997604,0.99911445,1.000359,24,100,2,25,0
610,16,271,0.9991623,0.99997604,0.99911445,1.000359,90,100,2,25,0
611,16,280,0.99911445,0.9997367,0.99901867,0.9997846,2,90,165,100,0
612,16,281,0.99911445,0.9997367,0.99901867,0.9997846,2,90,167,100,0
613,16,283,0.99911445,0.9997367,0.99906653,1.000359,2,90,25,25,0
614,16,284,0.9991623,1.0003111,0.99906653,1.000359,199,100,25,25,0
615,16,286,0.9991623,1.0002633,0.99906653,1.000359,9,90,25,25,0
616,16,287,0.99935377,1.0002633,0.9991623,1.0009813,106,90,9,24,0
617,16,288,0.99935377,1.0002633,0.99906653,1.0009813,107,90,25,24,0
618,16,289,0.99935377,1.0002633,0.99906653,1.000359,91,90,25,25,0
619,16,296,0.99935377,1.0002633,0.99906653,1.0009813,91,90,25,24,0
620,16,298,0.99949735,1.0004069,0.9994495,1.0009813,190,90,100,24,0
621,16,299,0.99949735,1.0004069,0.9994016,1.0009334,290,90,1,100,0
622,16,301,0.99949735,1.0004069,0.9994016,1.0009813,290,90,1,24,0
623,16,305,0.99949735,1.0004069,0.9994016,1.0009813,190,90,1,24,0
624,16,319,0.99949735,1.0004069,0.9994016,1.0009813,190,90,1,24,0
625,16,321,0.99949735,1.0004069,0.9994016,1.0009813,100,90,1,24,0
626,16,323,0.99949735,1.0004069,0.9994016,1.0009813,100,116,1,24,0
627,16,358,0.99949735,1.0001197,0.9994016,1.000359,100,90,1,100,0
628,16,359,0.99906653,0.9997846,0.99901867,1.0000718,90,90,321,200,0
629,16,362,0.99906653,0.9997846,0.99901867,1.0004069,90,90,347,26,0
630,16,363,0.99906653,0.9997846,0.99901867,1.0004069,90,100,348,26,0
631,16,364,0.99906653,1.000024,0.99901867,1.0004069,111,90,345,26,0
632,16,368,0.99906653,1.000024,0.99901867,1.0004069,111,90,245,126,0
633,16,369,0.99906653,1.000024,0.99901867,1.0004069,111,90,145,126,0
634,16,391,0.99906653,1.000024,0.99901867,1.0001197,111,90,145,100,0
635,16,392,0.99906653,1.000024,0.99901867,1.0001197,111,90,145,200,0
636,16,393,0.99906653,1.000024,0.99901867,1.0001197,92,190,146,100,0
637,16,394,0.99906653,1.000024,0.99901867,1.0001197,92,190,148,100,0
638,16,395,0.99906653,1.000024,0.99901867,1.0004069,92,290,148,26,0
639,16,405,0.99906653,1.000024,0.99901867,1.0004069,92,290,150,26,0
640,16,415,0.99906653,1.000024,0.99901867,1.0004069,2,290,150,26,0
641,16,417,0.99906653,0.9997367,0.99901867,0.99983245,2,90,140,24,0
642,16,418,0.99906653,0.9997367,0.99901867,0.99983245,2,90,140,124,0
643,16,430,0.99906653,0.9997367,0.99901867,0.99983245,2,190,122,24,0
644,16,433,0.99906653,0.9997367,0.99901867,0.99983245,2,290,122,24,0
645,16,436,0.99906653,0.9997367,0.99901867,0.99983245,2,391,122,24,0
646,16,450,0.99906653,0.9997367,0.99901867,0.99983245,8,291,124,24,0
647,16,451,0.99906653,0.9997367,0.99901867,1.0004069,8,291,167,26,0
648,16,452,0.99906653,0.9997367,0.99901867,1.000024,8,291,167,100,0
649,16,453,0.99906653,0.9997367,0.99901867,1.0004069,8,291,155,26,0
650,16,454,0.99906653,0.9997367,0.99901867,0.99983245,8,291,124,25,0
651,16,462,0.99906653,0.9997367,0.99901867,0.99983245,7,291,124,25,0
652,16,467,0.99858785,0.99935377,0.99854,0.9995453,304,190,86,100,0
653,16,470,0.99863577,0.99935377,0.99858785,0.9995453,90,190,304,100,0
654,16,472,0.99858785,0.99935377,0.99854,0.9995453,304,190,86,100,0
655,16,473,0.9979177,0.99863577,0.99786985,0.99925804,90,90,43,25,0
656,16,474,0.99801344,0.99863577,0.9979656,0.99892294,205,90,19,100,0
657,16,475,0.9980613,0.9988751,0.99801344,0.99892294,42,90,100,100,0
658,16,476,0.9981571,0.9988751,0.99801344,0.99892294,15,90,100,100,0
659,16,477,0.9981571,0.9988751,0.99801344,0.99892294,15,90,100,200,0
660,16,478,0.9981571,0.9988751,0.99801344,0.99892294,15,190,100,200,0
661,16,479,0.9981571,0.9988751,0.99801344,0.99892294,15,190,100,100,0
662,16,480,0.9981571,0.99877936,0.99801344,0.9988751,105,90,101,200,0
663,16,481,0.99820495,0.99877936,0.9981571,0.9988751,5,190,100,200,0
664,16,482,0.9983007,0.99877936,0.99820495,0.9988751,5,190,100,200,0
665,16,484,0.9983007,0.99877936,0.99820495,0.9988751,5,100,101,200,0
666,16,485,0.9983007,0.99877936,0.99820495,0.9988751,5,200,101,100,0
667,16,486,0.9982528,0.99877936,0.99820495,0.9988751,5,200,101,100,0
668,16,488,0.9982528,0.99877936,0.99820495,0.9988751,5,201,101,100,0
669,16,497,0.99820495,0.99877936,0.9981571,0.9988751,101,201,100,100,0
670,16,498,0.99820495,0.9987315,0.9981571,0.99877936,101,90,100,201,0
671,16,501,0.9982528,0.9987315,0.99820495,0.99877936,3,90,101,201,0
672,16,506,0.9982528,0.99877936,0.99820495,0.9991623,3,201,101,100,0
673,16,507,0.9982528,0.99877936,0.99820495,0.99925804,3,201,101,25,0
674,16,520,0.9982528,0.99877936,0.99820495,0.9989708,3,201,101,100,0
675,16,526,0.997822,0.99834853,0.99739116,0.9984921,86,90,121,100,0
676,16,527,0.997822,0.99834853,0.99739116,0.99844426,86,90,121,100,0
677,16,531,0.997822,0.99834853,0.99739116,0.99844426,86,190,121,100,0
678,16,534,0.997822,0.99834853,0.99739116,0.99863577,86,290,121,26,0
679,16,535,0.997822,0.99834853,0.99739116,0.99863577,86,290,221,26,0
680,16,536,0.997822,0.99834853,0.99739116,0.99863577,86,391,221,26,0
681,16,538,0.99739116,0.9980613,0.99672097,0.9983007,20,190,25,200,0
682,16,541,0.99739116,0.9980613,0.99672097,0.9983007,20,290,25,100,0
683,16,553,0.99739116,0.9980613,0.99672097,0.9983007,5,290,25,100,0
684,16,570,0.99739116,0.9980613,0.99672097,0.9983007,11,290,25,100,0
685,16,590,0.99739116,0.9980613,0.99672097,0.99854,11,391,25,1,0
686,16,594,0.9970082,0.9976784,0.99696034,0.9979656,90,190,107,24,0
687,16,595,0.9972476,0.9976784,0.99719965,0.9979656,185,200,195,24,0
688,16,596,0.99729544,0.9976784,0.9972476,0.99801344,200,200,95,100,0
689,16,598,0.9975826,0.99801344,0.9974869,0.9980613,5,100,2,1,0
690,31,0,0.9998149,1.0004627,0.9997224,1.0005089,343,100,5,242,0
691,31,3,0.9998149,1.0004627,0.9997687,1.0005089,343,100,5,142,0
692,31,11,0.9998149,1.0005089,0.9997687,1.0006014,343,142,5,100,0
693,31,27,0.9998149,1.0005089,0.9997687,1.0006014,243,142,5,100,0
694,31,31,0.9998149,1.0005089,0.9997687,1.0006014,243,142,5,125,0
695,31,40,0.9998149,1.0004627,0.9997687,1.0005089,243,101,5,142,0
696,31,53,0.9998149,1.0004627,0.9997687,1.0005089,243,101,5,142,0
697,31,56,0.9998149,1.0004164,0.9997687,1.0004627,247,2,5,5,0
698,31,59,0.9998149,1.0004164,0.9997687,1.0005089,247,2,5,142,0
699,31,61,0.9998149,1.0004164,0.9997687,1.0005089,247,6,5,142,0
700,31,72,0.9998149,1.0004164,0.9997687,1.0005089,147,6,5,142,0
701,31,88,0.9998149,1.0004164,0.9997687,1.0004627,147,6,5,5,0
702,31,93,0.9998149,1.0004164,0.9997687,1.0005089,147,6,5,100,0
703,31,94,0.9998149,1.0004164,0.9997687,1.0005089,147,6,5,338,0
704,31,97,0.9998149,1.0004164,0.9997687,1.0005089,147,6,5,200,0
705,31,98,0.9998149,1.0003701,0.9997687,1.0004164,147,132,5,137,0
706,31,99,0.9998149,1.0003701,0.9997687,1.0005089,147,265,5,200,0
707,31,101,0.9992597,0.9998149,0.99898213,1.0000463,100,25,100,129,0
708,31,102,0.9992597,0.9998149,0.9986583,1.0000463,100,25,25,129,0
709,31,103,0.9992597,0.9998149,0.9986583,1.0000463,100,29,25,125,0
710,31,104,0.9992597,0.9998149,0.9986583,1.0000925,100,29,25,100,0
711,31,105,0.9992597,0.9998149,0.9986583,1.0000463,100,29,25,200,0
712,31,106,0.9992597,0.9998149,0.9986583,1.0000463,100,29,25,100,0
713,31,117,0.9986583,0.99953735,0.998427,1,25,104,100,200,0
714,31,118,0.9986583,0.99953735,0.99828815,0.99995375,25,104,100,132,0
715,31,119,0.9986583,0.9994911,0.99828815,0.99953735,25,100,100,204,0
716,31,120,0.9986583,0.9994911,0.99828815,0.99953735,25,104,100,200,0
717,31,122,0.9986583,0.9994911,0.9982419,0.99953735,25,104,100,200,0
718,31,128,0.9986583,0.9994911,0.99828815,0.99953735,25,104,100,200,0
719,31,131,0.99870455,0.9994911,0.99828815,0.99953735,23,104,300,200,0
720,31,133,0.99870455,0.9994911,0.99828815,0.99953735,23,204,200,200,0
721,31,134,0.99870455,0.9994911,0.9980106,0.99953735,23,204,23,200,0
722,31,135,0.99870455,0.9994911,0.9985195,0.99953735,23,204,101,200,0
723,31,136,0.99870455,0.9994911,0.9985195,0.99953735,23,204,1,200,0
724,31,138,0.99828815,0.9994911,0.9980568,0.99953735,201,204,46,200,0
725,31,140,0.99828815,0.9994911,0.9980568,0.99953735,101,204,46,200,0
726,31,144,0.9983344,0.9994911,0.9980568,0.99953735,1,204,46,300,0
727,31,148,0.99838066,0.9994911,0.9983344,0.99953735,370,204,3,300,0
728,31,149,0.998427,0.9994911,0.99838066,0.99953735,101,204,169,300,0
729,31,151,0.998427,0.9994911,0.99838066,0.99953735,1,204,169,300,0
730,31,161,0.9980106,0.9994448,0.99745536,0.9994911,124,300,108,308,0
731,31,163,0.9980106,0.9994448,0.99745536,0.9994911,24,300,8,308,0
732,31,166,0.9980106,0.9994448,0.99745536,0.9994911,24,308,8,300,0
733,31,170,0.9980106,0.9993523,0.99745536,0.9993985,24,100,8,14,0
734,31,171,0.9980106,0.9993523,0.99745536,0.9993985,24,108,8,9,0
735,31,176,0.9980106,0.9992597,0.99745536,0.999306,24,100,8,8,0
736,31,182,0.9980106,0.9992597,0.99745536,0.9993523,24,108,8,200,0
737,31,184,0.9980106,0.9992597,0.99745536,0.9993523,124,108,8,100,0
738,31,188,0.9980106,0.9992597,0.99796426,0.9993523,124,108,16,100,0
739,31,192,0.9980106,0.9992597,0.99796426,0.9994911,124,8,16,100,0
740,31,193,0.9980106,0.99921346,0.99796426,0.9992597,124,308,16,100,0
741,31,208,0.9980106,0.99921346,0.99796426,0.9994448,124,308,16,62,0
742,31,218,0.9980106,0.99921346,0.99796426,0.9993985,124,300,30,200,0
743,31,221,0.9980106,0.99921346,0.99796426,0.9993985,124,300,30,100,0
744,31,226,0.9980106,0.99921346,0.99796426,0.9993985,100,208,30,100,0
745,31,227,0.9980106,0.99921346,0.99796426,0.9993985,200,208,30,100,0
746,31,236,0.9980106,0.99912095,0.99796426,0.9991672,200,132,30,92,0
747,31,262,0.9980106,0.99912095,0.99796426,0.9991672,200,136,30,92,0
748,31,268,0.9980106,0.99879706,0.99796426,0.99912095,200,12,30,170,0
749,31,269,0.9980106,0.99879706,0.99796426,0.99912095,200,12,30,370,0
750,31,272,0.9980106,0.99879706,0.99796426,0.99912095,200,12,30,270,0
751,31,286,0.9980106,0.99879706,0.99796426,0.9990284,200,12,30,105,0
752,31,288,0.9980106,0.99879706,0.99796426,0.9990284,200,12,30,5,0
753,31,291,0.9980106,0.99870455,0.99796426,0.9987508,100,100,30,12,0
754,31,292,0.9980106,0.99870455,0.99796426,0.99879706,100,12,30,186,0
755,31,295,0.9980568,0.99870455,0.9980106,0.99879706,100,12,100,186,0
756,31,297,0.9980568,0.99870455,0.99796426,0.99879706,200,12,45,186,0
757,31,303,0.9980568,0.99870455,0.99796426,0.99879706,200,8,45,186,0
758,31,304,0.9980568,0.99870455,0.99796426,0.99879706,100,8,45,186,0
759,31,307,0.9980568,0.99870455,0.99796426,0.99879706,101,8,45,186,0
760,31,309,0.9980568,0.99870455,0.99796426,0.99879706,101,8,45,184,0
761,31,310,0.9981031,0.9986583,0.9980568,0.9989359,100,3,101,100,0
762,31,311,0.9981031,0.9986583,0.9980568,0.9989359,100,3,1,110,0
763,31,318,0.9981031,0.9986583,0.9980568,0.9989359,200,3,1,110,0
764,31,319,0.9981031,0.9986583,0.9980568,0.9988434,200,3,1,110,0
765,31,345,0.9981031,0.9986583,0.9980568,0.9988434,202,3,1,110,0
766,31,353,0.9981031,0.9986583,0.99796426,0.9988434,202,3,45,110,0
767,31,356,0.9981031,0.9986583,0.99796426,0.9988434,202,3,45,210,0
768,31,360,0.9981031,0.9986583,0.99796426,0.99879706,202,3,45,16,0
769,31,363,0.9981031,0.998612,0.99796426,0.9986583,202,13,61,4,0
770,31,365,0.9981031,0.998612,0.99796426,0.99879706,202,17,61,16,0
771,31,371,0.9981031,0.998612,0.9980106,0.99879706,202,17,123,16,0
772,31,372,0.998612,0.99921346,0.99838066,0.9992597,218,3,100,200,0
773,31,373,0.998612,0.99921346,0.99856573,0.9992597,18,3,100,200,0
774,31,374,0.998612,0.99921346,0.99856573,0.9992597,18,3,100,100,0
775,31,375,0.998612,0.99921346,0.99856573,0.9992597,18,3,200,100,0
776,31,376,0.998612,0.99921346,0.99856573,0.9993523,18,3,200,62,0
777,31,383,0.998612,0.99921346,0.99856573,0.9993523,53,3,200,62,0
778,31,385,0.99921346,0.99953735,0.99912095,0.9998149,102,100,100,24,0
779,31,386,0.99921346,0.99953735,0.9990747,0.9998149,102,52,100,24,0
780,31,388,0.9990747,0.99953735,0.9990284,0.9996761,100,52,25,62,0
781,31,390,0.9980106,0.9990284,0.9973628,0.9990747,23,292,25,144,0
782,31,391,0.9980106,0.9990284,0.99764043,0.9990747,23,292,200,144,0
783,31,392,0.9980106,0.9990284,0.99764043,0.9990747,23,292,100,144,0
784,31,395,0.9980106,0.9990284,0.9973628,0.9990747,23,292,25,144,0
785,31,397,0.9974091,0.9990284,0.9973628,0.9990747,146,192,25,44,0
786,31,398,0.9980106,0.9990284,0.9974091,0.9990747,46,192,46,44,0
787,31,405,0.9980106,0.9990284,0.9974091,0.9990747,23,192,46,67,0
788,31,406,0.9980106,0.9990284,0.9974091,0.9990747,24,192,46,67,0
789,31,434,0.9980106,0.9990284,0.997918,0.9990747,24,192,86,67,0
790,31,447,0.9980106,0.9990284,0.997918,0.9990747,1,230,86,67,0
791,31,448,0.9980106,0.9990284,0.997918,0.9990747,1,192,86,67,0
792,31,453,0.9980106,0.9990284,0.997918,0.9990747,1,192,186,67,0
793,31,460,0.9980106,0.9990284,0.997918,0.9990747,1,192,287,67,0
794,31,468,0.9980106,0.9990747,0.997918,0.99912095,24,200,187,100,0
795,31,470,0.9980106,0.9990747,0.997918,0.99912095,24,200,387,100,0
796,31,473,0.9980106,0.9990747,0.997918,0.99912095,24,200,287,100,0
797,31,498,0.9980106,0.9990747,0.99796426,0.99912095,24,200,100,100,0
798,31,503,0.9980106,0.9990747,0.997918,0.99912095,124,200,186,100,0
799,31,508,0.9980106,0.99898213,0.997918,0.9990284,124,100,186,62,0
800,31,511,0.9980106,0.99898213,0.997918,0.9990284,123,100,186,62,0
801,31,515,0.9980106,0.99898213,0.997918,0.9990284,123,100,186,62,0
802,31,523,0.9980106,0.9990284,0.997918,0.99912095,223,162,186,100,0
803,31,546,0.9980106,0.99898213,0.997918,0.9990284,264,300,186,62,0
804,31,548,0.9980106,0.99898213,0.997918,0.9990284,264,400,186,62,0
805,31,576,0.9973628,0.9985195,0.9971778,0.99856573,25,218,36,162,0
806,31,577,0.9973628,0.9985195,0.9971778,0.99856573,25,200,36,162,0
807,31,581,0.9973628,0.9985195,0.9971778,0.99856573,25,300,36,62,0
808,31,583,0.9973628,0.9985195,0.9971778,0.99856573,25,318,36,62,0
809,31,585,0.9973628,0.9985195,0.9971778,0.99856573,25,200,36,62,0
810,62,0,0.9995106,1.0001166,0.99927753,1.0002098,76,5,35,11,0
811,62,3,0.99979025,1.0001166,0.9995106,1.0002098,1,5,75,11,0
812,62,13,0.99979025,1.0001166,0.9995106,1.0002098,1,6,75,11,0
813,62,14,0.99979025,1.0001166,0.9995572,1.0002098,1,5,102,11,0
814,62,15,0.99979025,1.0001166,0.9995572,1.0002098,101,1,2,16,0
815,62,16,0.99979025,1.0002098,0.9995572,1.000303,101,17,2,100,0
816,62,26,0.99979025,1.0002098,0.9995106,1.000303,103,18,2,100,0
817,62,28,0.99979025,1.0002098,0.9995106,1.000303,103,118,2,100,0
818,62,33,0.99979025,1.0002098,0.9995106,1.0002564,102,118,2,1,0
819,62,57,0.99979025,1.0002098,0.9995106,1.0002564,102,119,2,1,0
820,62,60,0.99979025,1.0002098,0.9995106,1.0002564,102,119,100,1,0
821,62,61,0.9992309,0.9999767,0.9990444,1.0002098,1,206,100,101,0
822,62,62,0.9992309,0.99974364,0.9990444,0.99983686,1,26,100,4,0
823,62,63,0.9992309,0.99974364,0.9990444,0.99983686,1,27,101,4,0
824,62,65,0.9992309,0.99974364,0.9990444,0.99983686,1,27,101,115,0
825,62,67,0.9990444,0.9995106,0.998858,0.99974364,205,7,19,20,0
826,62,68,0.9990444,0.9995106,0.998858,0.99974364,205,8,19,19,0
827,62,69,0.9990444,0.9995106,0.998858,0.9995572,205,8,19,5,0
828,62,75,0.999091,0.99974364,0.9990444,0.99983686,202,20,201,4,0
829,62,76,0.99932414,0.99974364,0.999091,0.99983686,1,20,2,4,0
830,62,83,0.99932414,0.99974364,0.999091,0.99983686,1,20,2,115,0
831,62,91,0.99932414,0.99974364,0.999091,0.99983686,1,120,2,4,0
832,62,96,0.99932414,0.999697,0.999091,0.99974364,101,100,2,120,0
833,62,97,0.99932414,0.999697,0.999091,0.99974364,101,100,2,120,0
834,62,98,0.99932414,0.999697,0.999091,0.99974364,101,170,2,120,0
835,62,99,0.99932414,0.999697,0.999091,0.99974364,101,70,2,120,0
836,62,100,0.99932414,0.999697,0.999091,0.99974364,101,70,2,120,0
837,62,101,0.99932414,0.999697,0.999091,0.99974364,101,71,2,119,0
838,62,102,0.99932414,0.999697,0.999091,0.99974364,101,83,2,119,0
839,62,104,0.99932414,0.999697,0.999091,0.99974364,101,83,2,19,0
840,62,108,0.99932414,0.999697,0.999091,0.99974364,101,85,2,19,0
841,62,122,0.99932414,0.999697,0.999091,0.99974364,201,85,2,19,0
842,62,123,0.99932414,0.999697,0.999091,0.99974364,201,85,2,19,0
843,62,124,0.99932414,0.999697,0.9992309,0.99974364,201,85,10,19,0
844,62,125,0.9995106,0.999697,0.99932414,0.99974364,1,85,201,19,0
845,62,126,0.99932414,0.999697,0.9992309,0.99974364,201,86,10,19,0
846,62,135,0.99932414,0.999697,0.9992309,0.99974364,201,86,10,19,0
847,62,136,0.99932414,0.9995106,0.9992309,0.999697,201,3,10,83,0
848,62,137,0.99932414,0.9995106,0.9992309,0.999697,201,3,10,184,0
849,62,138,0.99932414,0.999697,0.9992309,0.99974364,201,84,10,19,0
850,62,147,0.99932414,0.999697,0.9992309,0.99974364,201,85,10,19,0
851,62,156,0.9995106,0.99983686,0.99937075,1.0001166,110,4,100,10,0
852,62,157,0.9995106,0.99983686,0.999091,1.0001166,311,4,2,10,0
853,62,158,0.9995106,0.99983686,0.999091,1.0001166,211,4,2,10,0
854,62,161,0.9995106,0.99983686,0.999091,1.0001166,111,4,2,11,0
855,62,162,0.9995106,0.99983686,0.999091,1.00007,111,4,2,106,0
856,62,167,0.9995106,0.99983686,0.999091,1.00007,312,4,2,6,0
857,62,168,0.9995106,0.99983686,0.999091,1.00007,312,4,2,108,0
858,62,169,0.9995106,0.99983686,0.99927753,1.00007,312,4,124,8,0
859,62,170,0.9995106,0.99983686,0.99927753,1.00007,312,4,24,8,0
860,62,175,0.9995106,0.99983686,0.99927753,1.00007,312,4,24,109,0
861,62,176,0.9995106,0.99983686,0.99927753,1.00007,312,4,24,109,0
862,62,177,0.9995106,0.99983686,0.99927753,1.00007,312,4,24,9,0
863,62,184,0.9995106,1.0000234,0.99927753,1.00007,312,2,24,9,0
864,62,186,0.99979025,1.0000234,0.9995106,1.00007,1,2,312,9,0
865,62,187,0.99979025,1.0000234,0.9996038,1.00007,1,2,200,9,0
866,62,188,0.99979025,1.0000234,0.9996504,1.00007,1,2,100,3,0
867,62,189,0.99979025,1.0000234,0.9996504,1.00007,1,2,300,3,0
868,62,190,0.99979025,1.0000234,0.9996504,1.00007,1,2,200,3,0
869,62,194,0.99979025,1.0000234,0.9996504,1.00007,1,2,100,3,0
870,62,195,0.99979025,1.0000234,0.9996504,1.00007,1,2,100,103,0
871,62,196,0.99979025,0.9998835,0.9996504,1.0000234,1,6,100,2,0
872,62,200,0.99979025,1.0000234,0.9996504,1.00007,1,2,100,101,0
873,62,201,0.99979025,1.0000234,0.9996504,1.00007,1,2,102,101,0
874,62,210,0.99979025,1.0000234,0.9996504,1.00007,1,2,302,102,0
875,62,216,0.9996504,1.0000234,0.9995106,1.00007,102,2,210,102,0
876,62,219,0.9996504,1.0000234,0.9995572,1.00007,102,2,200,102,0
877,62,221,0.9996504,1.0000234,0.9995106,1.00007,302,2,10,2,0
878,62,227,0.9996504,1.0000234,0.9995106,1.00007,202,2,10,2,0
879,62,228,0.9996504,1.0000234,0.9995106,1.00007,302,2,10,3,0
880,62,236,0.9996504,1.0000234,0.9995106,1.00007,302,2,10,8,0
881,62,238,0.9996504,1.0000234,0.9995572,1.00007,302,2,110,8,0
882,62,240,0.9996504,1.0000234,0.9995572,1.00007,102,2,10,8,0
883,62,241,0.9996504,1.0000234,0.9995572,1.00007,102,2,10,13,0
884,62,242,0.9996504,1.0000234,0.9995572,1.00007,102,2,110,8,0
885,62,245,0.9996504,1.0000234,0.9996038,1.00007,102,2,20,8,0
886,62,247,0.9996504,0.9999301,0.9996038,1.0000234,102,4,20,2,0
887,62,253,0.9996504,1.0000234,0.9996038,1.00007,402,2,20,108,0
888,62,255,0.9996504,0.9999767,0.9996038,1.0000234,202,8,20,2,0
889,62,256,0.9996504,0.9998835,0.9996038,0.9999767,202,3,20,8,0
890,62,257,0.9996504,0.9998835,0.9996038,0.9999767,202,3,120,8,0
891,62,260,0.9996504,0.9998835,0.9996038,0.9999767,202,3,20,8,0
892,62,285,0.9992309,0.99979025,0.9990444,0.99983686,101,44,100,204,0
893,62,286,0.9992309,0.99979025,0.9990444,0.99983686,101,44,100,304,0
894,62,287,0.9992309,0.99979025,0.9990444,0.99983686,101,44,100,404,0
895,62,288,0.9992309,0.99983686,0.9990444,0.9999767,102,204,100,8,0
896,62,299,0.9992309,0.99983686,0.9990444,0.9999767,102,205,100,8,0
897,62,314,0.99932414,0.99983686,0.9992309,0.9998835,100,205,2,14,0
898,62,315,0.99937075,0.99983686,0.9992309,0.9998835,101,205,1,14,0
899,62,316,0.99937075,0.99983686,0.9992309,0.9998835,101,298,1,14,0
900,62,318,0.99941736,0.99983686,0.99937075,0.9998835,100,298,1,14,0
901,62,323,0.99941736,0.99983686,0.99937075,0.9998835,200,298,1,14,0
902,62,326,0.99941736,0.99983686,0.99937075,0.9998835,100,298,101,14,0
903,62,327,0.99941736,0.99983686,0.99937075,0.9998835,201,298,100,14,0
904,62,328,0.9995106,0.99983686,0.99941736,0.9998835,100,298,201,14,0
905,62,329,0.9995106,0.99983686,0.99941736,0.9998835,200,298,101,14,0
906,62,333,0.9995106,0.99983686,0.99941736,1.0000234,200,298,101,11,0
907,62,335,0.9995106,0.99983686,0.99941736,1.0000234,200,298,100,11,0
908,62,337,0.9995106,0.99983686,0.99941736,1.0000234,201,298,100,11,0
909,62,342,0.9995106,0.99983686,0.9992309,1.0000234,401,298,1,11,0
910,62,343,0.9995106,0.99983686,0.9992309,1.0000234,401,299,1,11,0
911,62,347,0.9995106,0.99983686,0.9992309,1.0000234,402,299,1,11,0
912,62,348,0.9995106,0.99983686,0.9992309,1.0000234,302,299,101,11,0
913,62,353,0.9992309,0.999697,0.9990444,0.99983686,101,228,100,293,0
914,62,354,0.9992309,0.999697,0.9990444,0.99983686,101,228,100,193,0
915,62,357,0.9992309,0.999697,0.9990444,0.99983686,100,228,100,193,0
916,62,359,0.9992309,0.999697,0.9990444,0.99983686,100,328,100,104,0
917,62,365,0.9992309,0.999697,0.9990444,0.99983686,201,328,100,104,0
918,62,367,0.9992309,0.999697,0.9990444,0.99983686,201,333,100,104,0
919,62,376,0.9992309,0.999464,0.9990444,0.999697,201,3,100,333,0
920,62,378,0.9992309,0.999464,0.9990444,0.9996504,201,3,100,12,0
921,62,379,0.9992309,0.999464,0.9990444,0.9996038,201,3,100,8,0
922,62,380,0.9992309,0.999464,0.9990444,0.9996038,201,3,100,108,0
923,62,382,0.9992309,0.999464,0.9990444,0.9996038,201,3,100,208,0
924,62,387,0.99941736,0.9996038,0.9992309,0.9996504,100,95,101,5,0
925,62,388,0.99941736,0.9996038,0.9992309,0.999697,101,95,100,27,0
926,62,389,0.99941736,0.9996504,0.9992309,0.999697,101,93,100,27,0
927,62,390,0.99941736,0.9996504,0.9992309,0.999697,201,93,100,27,0
928,62,396,0.99941736,0.9996504,0.9992309,0.999697,201,94,100,27,0
929,62,398,0.9990444,0.9995106,0.998858,0.9995572,104,156,19,13,0
930,62,399,0.9990444,0.9995106,0.998858,0.9995572,104,93,19,13,0
931,62,401,0.9990444,0.9995106,0.998858,0.9995572,104,104,19,13,0
932,62,402,0.9992309,0.9995106,0.9990444,0.9995572,1,104,104,13,0
933,62,408,0.9990444,0.9995106,0.998858,0.9995572,104,105,19,13,0
934,62,409,0.9992309,0.9995106,0.9990444,0.9995572,1,104,104,13,0
935,62,410,0.9992309,0.9995106,0.9990444,0.9995572,1,94,104,13,0
936,62,411,0.9990444,0.9995106,0.998858,0.9995572,104,105,19,13,0
937,62,416,0.9990444,0.9995106,0.998858,0.9995572,104,93,19,13,0
938,62,417,0.9992309,0.9995106,0.9990444,0.9995572,1,93,104,13,0
939,62,419,0.9992309,0.9995106,0.9990444,0.9995572,1,104,104,13,0
940,62,420,0.9990444,0.9995106,0.998858,0.9995572,104,104,19,14,0
941,62,424,0.9990444,0.9995106,0.998858,0.9995572,104,104,19,15,0
942,62,429,0.9990444,0.9995106,0.998858,0.9995572,104,104,19,13,0
943,62,430,0.99927753,0.9995106,0.9990444,0.9995572,1,104,104,13,0
944,62,431,0.99932414,0.9996504,0.99927753,1.00007,100,2,1,7,0
945,62,432,0.9995106,1.00007,0.9990444,1.0001632,1,7,104,2,0
946,62,435,0.9995106,0.99983686,0.9990444,1.00007,101,93,104,7,0
947,62,439,0.9995106,0.99983686,0.9990444,1.00007,101,93,104,107,0
948,62,441,0.9995106,0.99983686,0.9992309,1.00007,101,93,83,107,0
949,62,447,0.9995106,0.99983686,0.9992309,1.00007,101,93,83,7,0
950,62,456,0.9995106,0.99983686,0.9992309,1.0000234,101,93,83,100,0
951,62,458,0.9995106,0.99983686,0.9992309,1.0000234,101,94,83,100,0
952,62,460,0.9992309,0.99983686,0.9990444,1.0000234,83,1,204,100,0
953,62,461,0.9992309,0.99983686,0.9990444,0.9999767,83,1,204,100,0
954,62,462,0.9992309,0.9999767,0.9990444,1.0000234,83,101,204,100,0
955,62,463,0.9992309,1.0000234,0.9990444,1.00007,84,1,204,7,0
956,62,467,0.9992309,0.9998835,0.9990444,1.00007,84,1,204,7,0
957,62,468,0.9992309,0.9998835,0.9990444,1.00007,84,295,203,7,0
958,62,469,0.9992309,0.9998835,0.9990444,1.00007,84,195,203,7,0
959,62,470,0.9992309,0.9998835,0.9990444,1.00007,84,262,203,7,0
960,62,471,0.9992309,0.9998835,0.9990444,1.00007,84,195,203,7,0
961,62,478,0.9992309,0.9998835,0.9990444,1.00007,84,195,202,7,0
962,62,484,0.9992309,0.9998835,0.9990444,1.00007,84,195,201,7,0
963,62,489,0.9992309,0.9998835,0.9990444,1.00007,85,195,201,7,0
964,62,490,0.9992309,0.99983686,0.9990444,0.9998835,85,46,201,3,0
965,62,491,0.9992309,0.99983686,0.9990444,0.9998835,84,101,200,2,0
966,62,492,0.9992309,0.99983686,0.9990444,0.9998835,84,101,200,1,0
967,62,495,0.9992309,0.99983686,0.9990444,0.9998835,84,194,200,1,0
968,62,496,0.9992309,0.99983686,0.9990444,0.9998835,84,102,200,1,0
969,62,507,0.9992309,0.99983686,0.9990444,0.9998835,84,296,200,1,0
970,62,514,0.9992309,0.9996504,0.9990444,0.99983686,84,2,200,194,0
971,62,515,0.9992309,0.9996504,0.9990444,0.999697,84,2,200,100,0
972,62,516,0.9992309,0.9996504,0.9990444,0.99983686,84,203,200,94,0
973,62,519,0.9992309,0.9996504,0.9990444,0.99983686,1,103,200,94,0
974,62,526,0.9992309,0.9996504,0.9990444,0.99983686,1,104,200,94,0
975,62,541,0.9992309,0.9996504,0.9990444,0.99983686,2,104,200,94,0
976,62,546,0.9992309,0.9996504,0.9990444,0.99983686,2,115,200,94,0
977,62,552,0.99941736,0.9996504,0.9992309,0.99983686,1,104,1,94,0
978,62,555,0.9992309,0.9995572,0.9990444,0.9996504,1,104,200,93,0
979,62,556,0.9992309,0.9996504,0.9990444,0.99983686,1,97,300,1,0
980,62,567,0.9992309,0.9996504,0.9990444,0.99983686,1,4,300,1,0
981,62,576,0.9992309,0.9996504,0.9990444,0.99983686,1,24,300,1,0
982,62,583,0.9992309,0.9996504,0.9990444,0.99983686,1,25,300,1,0
983,62,584,0.999697,1.0001632,0.999464,1.0002098,200,2,1,4,0
984,62,585,0.99974364,1.0001632,0.9995106,1.0002098,2,7,3,4,0
985,62,586,0.99974364,1.0001166,0.9995106,1.0001632,102,12,3,7,0
986,72,0,0.9991883,1.0006022,0.9991359,1.000707,10,201,27,70,0
987,72,1,0.9991883,1.0005499,0.9991359,1.0006022,10,40,27,200,0
988,72,2,0.9991883,1.0005499,0.9991359,1.0006022,10,40,27,200,0
989,72,3,0.9991883,1.0005499,0.9991359,1.0006022,10,1,27,306,0
990,72,4,0.9991883,1.0005499,0.9991359,1.0006022,10,1,27,300,0
991,72,5,0.9991883,1.0005499,0.9991359,1.0006022,10,1,27,300,0
992,72,6,0.9991883,1.0005499,0.9991359,1.0006022,10,1,28,200,0
993,72,7,0.9991883,1.0005499,0.9991359,1.0006022,10,2,27,100,0
994,72,9,0.9991883,1.0005499,0.9991359,1.0006022,10,2,28,100,0
995,72,10,0.9991883,1.0005499,0.9991359,1.0006022,10,2,27,100,0
996,72,11,0.9991883,1.0005499,0.9991359,1.0006022,9,2,27,100,0
997,72,12,0.9991883,1.0004975,0.9991359,1.0005499,9,100,27,2,0
998,72,13,0.9991883,1.0004975,0.9991359,1.0005499,9,200,27,100,0
